rank,first_name,last_name
1,Christian,McCaffrey
2,Breece,Hall
3,Bijan,Robinson
4,CeeDee,Lamb
5,Tyreek,Hill
6,Ja'Marr,Chase
7,Amon-Ra,St. Brown
8,Justin,Jefferson
9,Jonathan,Taylor
10,Saquon,Barkley
11,Kyren,Williams
12,A.J.,Brown
13,Puka,Nacua
14,Garrett,Wilson
15,Jahmyr,Gibbs
16,Isiah,Pacheco
17,Chris,Olave
18,Davante,Adams
19,Michael,Pittman Jr.
20,Mike,Evans
21,Travis,Etienne Jr.
22,Derrick,Henry
23,Rachaad,White
24,Alvin,Kamara
25,James,Cook
26,Joe,Mixon
27,Sam,LaPorta
28,Travis,Kelce
29,Josh,Allen
30,Jalen,Hurts
31,Josh,Jacobs
32,Kenneth,Walker
33,De'Von,Achane
34,Marvin,Harrison Jr.
35,Drake,London
36,Nico,Collins
37,DK,Metcalf
38,Brandon,Aiyuk
39,Deebo,Samuel Sr.
40,DJ,Moore
41,Stefon,Diggs
42,DeVonta,Smith
43,Jaylen,Waddle
44,Lamar,Jackson
45,Patrick,Mahomes
46,Cooper,Kupp
47,Zay,Flowers
48,Calvin,Ridley
49,Malik,Nabers
50,Tee,Higgins
51,Mark,Andrews
52,George,Pickens
53,Chris,Godwin
54,Tank,Dell
55,Keenan,Allen
56,Amari,Cooper
57,DeAndre,Hopkins
58,Rashee,Rice
59,Trey,McBride
60,Evan,Engram
61,Anthony,Richardson
62,C.J.,Stroud
63,Joe,Burrow
64,Dak,Prescott
65,Rhamondre,Stevenson
66,Jonathon,Brooks
67,D'Andre,Swift
68,George,Kittle
69,Dalton,Kincaid
70,Kyle,Pitts
71,Aaron,Jones
72,James,Conner
73,Zamir,White
74,David,Montgomery
75,Brian,Robinson Jr.
76,Zack,Moss
77,Najee,Harris
78,Kyler,Murray
79,Jordan,Love
80,Brock,Purdy
81,Aaron,Rodgers
82,Diontae,Johnson
83,Terry,McLaurin
84,Christian,Kirk
85,Jordan,Addison
86,Courtland,Sutton
87,David,Njoku
88,Jake,Ferguson
89,Dallas,Goedert
90,T.J.,Hockenson
91,Christian,Watson
92,Jayden,Reed
93,Jaxon,Smith-Njigba
94,Mike,Williams
95,Tyler,Lockett
96,Jaylen,Warren
97,Javonte,Williams
98,Tyjae,Spears
99,Tony,Pollard
100,Austin,Ekeler
101,Devin,Singletary
102,Ezekiel,Elliott
103,Raheem,Mostert
104,Marquise,Brown
105,Rome,Odunze
106,Xavier,Worthy
107,Ladd,McConkey
108,Keon,Coleman
109,Brian,Thomas Jr.
110,Justin,Herbert
111,Jayden,Daniels
112,Kirk,Cousins
113,Caleb,Williams
114,Gus,Edwards
115,Nick,Chubb
116,J.K.,Dobbins
117,Zach,Charbonnet
118,Tyler,Allgeier
119,Ty,Chandler
120,Antonio,Gibson
121,Jerome,Ford
122,Chase,Brown
123,Darnell,Mooney
124,Jerry,Jeudy
125,Gabe,Davis
126,Jakobi,Meyers
127,Adam,Thielen
128,Curtis,Samuel
129,Jameson,Williams
130,Rashid,Shaheed
131,Brock,Bowers
132,Pat,Freiermuth
133,Dalton,Schultz
134,Cole,Kmet
135,Deshaun,Watson
136,Trevor,Lawrence
137,Trey,Benson
138,Blake,Corum
139,Tyler,Conklin
140,Xavier,Legette
141,Browns,D/ST
142,Cowboys,D/ST
143,Jets,D/ST
144,Ravens,D/ST
145,49ers,D/ST
146,Steelers,D/ST
147,Dolphins,D/ST
148,Jaguars,D/ST
149,Saints,D/ST
150,Bengals,D/ST
151,Harrison,Butker
152,Brandon,Aubrey
153,Justin,Tucker
154,Jake,Elliott
155,Greg,Zuerlein
156,Ka'imi,Fairbairn
157,Evan,McPherson
158,Jake,Moody
159,Cameron,Dicker
160,Cairo,Santos
161,Tua,Tagovailoa
162,Matthew,Stafford
163,Chuba,Hubbard
164,Kendre,Miller
165,Jaleel,McLaughlin
166,MarShawn,Lloyd
167,Miles,Sanders
168,Rico,Dowdle
169,Khalil,Herbert
170,Alexander,Mattison
171,Keaton,Mitchell
172,Ray,Davis
173,Jaylen,Wright
174,DeMario,Douglas
175,Khalil,Shakir
176,Romeo,Doubs
177,Ja'Lynn,Polk
178,Adonai,Mitchell
179,Quentin,Johnston
180,Joshua,Palmer
181,Brandin,Cooks
182,Kendrick,Bourne
183,Marvin,Mims Jr.
184,Josh,Downs
185,Taysom,Hill
186,Chigoziem,Okonkwo
187,Juwan,Johnson
188,Hunter,Henry
189,Chiefs,D/ST
190,Lions,D/ST
191,Younghoe,Koo
192,Jake,Bates
193,Jahan,Dotson
194,Ricky,Pearsall
195,Clyde,Edwards-Helaire
196,Roschon,Johnson
197,Jared,Goff
198,Bryce,Young
199,Daniel,Jones
200,Baker,Mayfield
201,Demarcus,Robinson
202,Wan'Dale,Robinson
203,Tyler,Boyd
204,Darius,Slayton
205,Jermaine,Burton
206,Tucker,Kraft
207,Luke,Musgrave
208,DJ,Chark Jr.
209,Zay,Jones
210,Rashod,Bateman
211,Jalen,Tolbert
212,Tyrone,Tracy Jr.
213,Elijah,Mitchell
214,Samaje,Perine
215,Noah,Fant
216,Cade,Otton
217,Hayden,Hurst
218,Geno,Smith
219,Will,Levis
220,Russell,Wilson
221,Jamaal,Williams
222,Braelon,Allen
223,Tank,Bigsby
224,Michael,Wilson
225,Kenneth,Gainwell
226,Justice,Hill
227,Jalin,Hyatt
228,Trey,Palmer
229,Malachi,Corley
230,Rondale,Moore
231,Odell,Beckham Jr.
232,Luke,McCaffrey
233,Jalen,McMillan
234,Dontayvion,Wicks
235,Bears,D/ST
236,Bills,D/ST
237,Dustin,Hopkins
238,Matt,Gay
239,Bucky,Irving
240,Chase,Edmonds
241,Eric,Gray
242,Ty,Johnson
243,Ameer,Abdullah
244,Trey,Sermon
245,Nyheim,Hines
246,Dameon,Pierce
247,Isaiah,Davis
248,D'Onta,Foreman
249,Michael,Carter
250,D'Ernest,Johnson
251,Deuce,Vaughn
252,Kalif,Raymond
253,Nelson,Agholor
254,Colts,D/ST
255,Seahawks,D/ST
256,Eddy,Pineiro
257,Chase,McLaughlin
258,Jonnu,Smith
259,Dawson,Knox
260,Jelani,Woods
261,Van,Jefferson
262,Elijah,Moore
263,Roman,Wilson
264,Tre,Tucker
265,Dare,Ogunbowale
266,Evan,Hull
267,J.J.,McCarthy
268,Drake,Maye
269,Bo,Nix
270,Derek,Carr
271,Tim,Patrick
272,Cedric,Tillman
273,Jamison,Crowder
274,Josh,Reynolds
275,Jonathan,Mingo
276,A.J.,Dillon
277,Chris,Rodriguez Jr.
278,Trayveon,Williams
279,Will,Shipley
280,Kyle,Juszczyk
281,Cordarrelle,Patterson
282,Isaiah,Spiller
283,Kenny,McIntosh
284,KaVontae,Turpin
285,Houston,Texans
286,Carolina,Panthers
287,Jason,Sanders
288,Nick,Folk
289,Daniel,Bellinger,
290,Ben,Sinnott
291,Colby,Parkinson
292,Greg,Dulcich,
293,Zack,Ertz
294,Andrei,Iosivas
295,Tutu,Atwell
296,Gardner,Minshew
297,Green Bay,Packers
298,Philadelphia,Eagles
299,New England,Patriots
300,Las Vegas,Raiders
